interaction_id,conversation_id,conversation_title,turn_index,timestamp_utc,model,repo_key,repo_path,repo_remote_url,workspace_id,source_layer,input_tokens,output_tokens_est,context_window_delta,event_type,message_chars_user,message_chars_assistant,tool_call_chars,tool_call_tokens_est,attribution_rule_id,attribution_confidence
4079d24734372db2934328d41d95076ff96a3fc0105869709c7814168fd2d199,57d22ade-9754-4e5b-807b-bf74800b5c06,Automated research assistant API tool,0,2026-04-20T19:05:17.951000Z,default,c:/users/jhuph/cursorprojects/researchassistant,C:\Users\jhuph\CursorProjects\ResearchAssistant,,82f6dfc13bd3c12cdd3bb64f28ef6921,global-composer-headers,0,0,0,paired_turn,328,1177,7454,1863,heuristic_fallback,0.5000
08f706bc5d13fb4a3b14507c569667bbc8811583e242945f496f3f5cdeb508b3,57d22ade-9754-4e5b-807b-bf74800b5c06,Automated research assistant API tool,1,2026-04-20T19:08:00.720000Z,default,c:/users/jhuph/cursorprojects/researchassistant,C:\Users\jhuph\CursorProjects\ResearchAssistant,,82f6dfc13bd3c12cdd3bb64f28ef6921,global-composer-headers,0,0,0,paired_turn,16,1891,50938,12734,heuristic_fallback,0.5000
805c352d1fece507950773e9ec67b767de7c6e198d7c521944440f552b669b6b,57d22ade-9754-4e5b-807b-bf74800b5c06,Automated research assistant API tool,2,2026-04-20T20:37:31.651000Z,default,c:/users/jhuph/cursorprojects/researchassistant,C:\Users\jhuph\CursorProjects\ResearchAssistant,,82f6dfc13bd3c12cdd3bb64f28ef6921,global-composer-headers,0,0,0,paired_turn,335,1840,47323,11830,heuristic_fallback,0.5000
1ce5e5eadc77b81c6a429c5c0d8d0d18b4c0d807497c046768716747e40a9657,57d22ade-9754-4e5b-807b-bf74800b5c06,Automated research assistant API tool,3,2026-04-21T03:08:43.193000Z,default,c:/users/jhuph/cursorprojects/researchassistant,C:\Users\jhuph\CursorProjects\ResearchAssistant,,82f6dfc13bd3c12cdd3bb64f28ef6921,global-composer-headers,0,0,0,paired_turn,35,1204,12619,3154,heuristic_fallback,0.5000
b257c950303f4fcb1e41a459780ea58f6949cb2b9a04eb4dd83267455923af2b,57d22ade-9754-4e5b-807b-bf74800b5c06,Automated research assistant API tool,4,2026-04-21T03:14:27.034000Z,default,c:/users/jhuph/cursorprojects/researchassistant,C:\Users\jhuph\CursorProjects\ResearchAssistant,,82f6dfc13bd3c12cdd3bb64f28ef6921,global-composer-headers,0,0,0,paired_turn,34,755,18295,4573,heuristic_fallback,0.5000
ca5232b6630176c6f84b414a7b52ca79717845f62c52402891b6a17181f506aa,57d22ade-9754-4e5b-807b-bf74800b5c06,Automated research assistant API tool,5,2026-04-21T03:48:48.201000Z,default,c:/users/jhuph/cursorprojects/researchassistant,C:\Users\jhuph\CursorProjects\ResearchAssistant,,82f6dfc13bd3c12cdd3bb64f28ef6921,global-composer-headers,0,0,0,paired_turn,49,887,0,0,heuristic_fallback,0.5000
d2ea6bbec887d315d9332769f346d64d24f30d6e41e0045e23787f32f8154baa,57d22ade-9754-4e5b-807b-bf74800b5c06,Automated research assistant API tool,6,2026-04-21T03:51:54.141000Z,default,c:/users/jhuph/cursorprojects/researchassistant,C:\Users\jhuph\CursorProjects\ResearchAssistant,,82f6dfc13bd3c12cdd3bb64f28ef6921,global-composer-headers,0,0,0,paired_turn,112,1171,0,0,heuristic_fallback,0.5000
2bd11da1693be3aaf6d2453838255563a26d7022bb443693735c442d6378ccd6,57d22ade-9754-4e5b-807b-bf74800b5c06,Automated research assistant API tool,7,2026-04-21T03:53:38.079000Z,default,c:/users/jhuph/cursorprojects/researchassistant,C:\Users\jhuph\CursorProjects\ResearchAssistant,,82f6dfc13bd3c12cdd3bb64f28ef6921,global-composer-headers,0,0,0,paired_turn,45,1181,55270,13817,heuristic_fallback,0.5000
5b8e7f2cf264c8d785a20b1fd683b93a6048c45bff8af4d78e21f30f497bc9d6,c8045677-9144-4547-acda-9327117a8892,Running project on localhost,0,2026-04-21T11:08:38.904000Z,default,c:/users/jhuph/cursorprojects/researchassistant,C:\Users\jhuph\CursorProjects\ResearchAssistant,,82f6dfc13bd3c12cdd3bb64f28ef6921,global-composer-headers,0,0,0,paired_turn,71,1213,32626,8156,heuristic_fallback,0.5000
45ad415c0598765cf038227ca6f3d662011303688b1f48896184a074d6a0f992,2d393703-efc1-44ae-95b3-13f8da65326c,Running frontend and backend program,0,2026-04-24T15:48:19.632000Z,default,c:/users/jhuph/cursorprojects/researchassistant,C:\Users\jhuph\CursorProjects\ResearchAssistant,,82f6dfc13bd3c12cdd3bb64f28ef6921,global-composer-headers,0,0,0,paired_turn,80,1437,49711,12427,heuristic_fallback,0.5000
4faac475cfa9544a924ec41490fca5b22d07a25c99b3b7128945ebcfe7dfdbe6,2d393703-efc1-44ae-95b3-13f8da65326c,Running frontend and backend program,1,2026-04-24T15:50:46.663000Z,default,c:/users/jhuph/cursorprojects/researchassistant,C:\Users\jhuph\CursorProjects\ResearchAssistant,,82f6dfc13bd3c12cdd3bb64f28ef6921,global-composer-headers,0,0,0,paired_turn,254,1358,69364,17341,heuristic_fallback,0.5000
4506cb1b4eb85fb445f54e8d3ce7e6caad5bfde7fb0581f18d420380537d0db4,2d393703-efc1-44ae-95b3-13f8da65326c,Running frontend and backend program,2,2026-04-24T15:54:07.243000Z,default,c:/users/jhuph/cursorprojects/researchassistant,C:\Users\jhuph\CursorProjects\ResearchAssistant,,82f6dfc13bd3c12cdd3bb64f28ef6921,global-composer-headers,0,0,0,paired_turn,0,1787,10986,2746,heuristic_fallback,0.5000
c324466e4f6a1a84577a35be521746c00bb0f8db39bf0b38b422a13a7cc0e77f,75dab868-0982-42bb-83f5-9e05c420e100,Road trip planning CRUD app,0,2026-04-24T16:05:33.617000Z,default,c:/users/jhuph/cursorprojects/roadtripplanner,C:\Users\jhuph\CursorProjects\RoadtripPlanner,,990a8e0046dd82500e72af99e4bf8566,global-composer-headers,0,0,0,paired_turn,116,0,0,0,heuristic_fallback,0.5000
d93447b747d77852d510c34412d2f6b78e53f8a183d08f6631a5db63976e9b64,75dab868-0982-42bb-83f5-9e05c420e100,Road trip planning CRUD app,1,2026-04-24T16:08:26.225000Z,default,c:/users/jhuph/cursorprojects/roadtripplanner,C:\Users\jhuph\CursorProjects\RoadtripPlanner,,990a8e0046dd82500e72af99e4bf8566,global-composer-headers,0,0,0,paired_turn,901,2417,92909,23227,heuristic_fallback,0.5000
03b1a40b5e386468a9603469d29c64c41e409d65cbb62426ab0b38d627e838f5,75dab868-0982-42bb-83f5-9e05c420e100,Road trip planning CRUD app,2,2026-04-24T16:19:14.856000Z,default,c:/users/jhuph/cursorprojects/roadtripplanner,C:\Users\jhuph\CursorProjects\RoadtripPlanner,,990a8e0046dd82500e72af99e4bf8566,global-composer-headers,0,0,0,paired_turn,280,2242,69109,17277,heuristic_fallback,0.5000
170cc28c4d4eb43cadee7d34c65a4119122ddc567ba045f821d9b3023b099b4a,439dd536-d404-4914-b120-a94d039e9490,FASTA sequence validation with seqkit,0,2026-05-07T23:56:38.401000Z,default,c:/users/jhuph/cursorprojects/test,C:\Users\jhuph\CursorProjects\Test,,2b9a3f215bbef9186d4c14e8a23b8a78,global-composer-headers,0,0,0,paired_turn,157,3070,36223,9055,heuristic_fallback,0.5000
82da5e631e291d1cbbd704243eb929aabb6785b52640adf32e06abc6ccc95053,aeb3721f-0156-4dad-a70f-1f6b78cec1ab,Dummy FASTA file generation and statistics,0,2026-05-08T11:52:11.357000Z,,wsl.localhost/ubuntu/home/jhuphila/damlab-skills,wsl.localhost\Ubuntu\home\jhuphila\damlab-skills,,f449ba00bc9c14f0ab35ec9718771111,global-composer-headers,0,0,0,paired_turn,144,1292,80657,20164,heuristic_fallback,0.5000
4db92049cc4e2759546a564127b22deaa3cd186fb34c22d8391c136176f9de80,1b02c9b4-3f78-481e-9c6b-dc1cbf043c33,Run seqkit stats on FASTA via WSL,0,2026-05-08T00:21:46.213000Z,,wsl.localhost/ubuntu/home/jhuphila/damlab-skills,wsl.localhost\Ubuntu\home\jhuphila\damlab-skills,,f449ba00bc9c14f0ab35ec9718771111,global-composer-headers,0,0,0,paired_turn,806,423,10170,2542,heuristic_fallback,0.5000
5d6bd531159deb60b2fe7d647c7831cd41349742572756ddc4d8301823f00ecd,6c8ba0e7-5f83-4609-9c6c-2403ba61123d,Dummy FASTA file generation and statistics,0,2026-05-08T16:57:35.739000Z,default,vscode-remote:/wsl+ubuntu/home/jhuphila/damlab-skills,vscode-remote:\wsl+ubuntu\home\jhuphila\damlab-skills,,7537fd8fd1271f23a570e3ffa370b68f,global-composer-headers,0,0,0,paired_turn,145,1368,29477,7369,heuristic_fallback,0.5000
2399cb39739807077ec6ffa34083ac78477d2a4a7d9cdedcd88995d64d4c8d6f,6c8ba0e7-5f83-4609-9c6c-2403ba61123d,Dummy FASTA file generation and statistics,1,2026-05-08T17:01:34.569000Z,default,vscode-remote:/wsl+ubuntu/home/jhuphila/damlab-skills,vscode-remote:\wsl+ubuntu\home\jhuphila\damlab-skills,,7537fd8fd1271f23a570e3ffa370b68f,global-composer-headers,0,0,0,paired_turn,154,949,17060,4265,heuristic_fallback,0.5000
433ae0b7d57993d4cefa498c15610d43253fad67caaa7c388756f7584f1a4278,6c8ba0e7-5f83-4609-9c6c-2403ba61123d,Dummy FASTA file generation and statistics,2,2026-05-08T17:03:57.978000Z,default,vscode-remote:/wsl+ubuntu/home/jhuphila/damlab-skills,vscode-remote:\wsl+ubuntu\home\jhuphila\damlab-skills,,7537fd8fd1271f23a570e3ffa370b68f,global-composer-headers,0,0,0,paired_turn,126,6091,69565,17391,heuristic_fallback,0.5000
3fb779ff8a5800242d924e8e5c84672135b5d996863519209e595fc9237cebb3,6c8ba0e7-5f83-4609-9c6c-2403ba61123d,Dummy FASTA file generation and statistics,3,2026-05-08T17:08:20.497000Z,,vscode-remote:/wsl+ubuntu/home/jhuphila/damlab-skills,vscode-remote:\wsl+ubuntu\home\jhuphila\damlab-skills,,7537fd8fd1271f23a570e3ffa370b68f,global-composer-headers,0,0,0,paired_turn,568,0,0,0,heuristic_fallback,0.5000
df990490ab36e4db7b008ac49a2c00475675f8c0c70fdd5c6621d54bd3948875,6c8ba0e7-5f83-4609-9c6c-2403ba61123d,Dummy FASTA file generation and statistics,4,2026-05-08T17:08:20.534000Z,,vscode-remote:/wsl+ubuntu/home/jhuphila/damlab-skills,vscode-remote:\wsl+ubuntu\home\jhuphila\damlab-skills,,7537fd8fd1271f23a570e3ffa370b68f,global-composer-headers,0,0,0,paired_turn,570,548,0,0,heuristic_fallback,0.5000
9a38fc3c25de8a418f5bad6f45d19a154a30b885fe7ed1fc93bc92743d892679,6c8ba0e7-5f83-4609-9c6c-2403ba61123d,Dummy FASTA file generation and statistics,5,2026-05-08T17:08:51.529000Z,default,vscode-remote:/wsl+ubuntu/home/jhuphila/damlab-skills,vscode-remote:\wsl+ubuntu\home\jhuphila\damlab-skills,,7537fd8fd1271f23a570e3ffa370b68f,global-composer-headers,0,0,0,paired_turn,135,1117,22415,5603,heuristic_fallback,0.5000
44944c2b13af704540db71d3b06a76c433759dd0fb99d2b4915b918f5012495d,6c8ba0e7-5f83-4609-9c6c-2403ba61123d,Dummy FASTA file generation and statistics,6,2026-05-08T17:14:18.168000Z,default,vscode-remote:/wsl+ubuntu/home/jhuphila/damlab-skills,vscode-remote:\wsl+ubuntu\home\jhuphila\damlab-skills,,7537fd8fd1271f23a570e3ffa370b68f,global-composer-headers,0,0,0,paired_turn,100,545,1108,277,heuristic_fallback,0.5000
d614229cde6529f0e08e1cabcd328390c07ba6eb06a2e93307c4fdc975886039,6c8ba0e7-5f83-4609-9c6c-2403ba61123d,Dummy FASTA file generation and statistics,7,2026-05-08T17:19:05.574000Z,default,vscode-remote:/wsl+ubuntu/home/jhuphila/damlab-skills,vscode-remote:\wsl+ubuntu\home\jhuphila\damlab-skills,,7537fd8fd1271f23a570e3ffa370b68f,global-composer-headers,0,0,0,paired_turn,136,611,0,0,heuristic_fallback,0.5000
5a73a00d4d6ff491bbd2a005b6d0511cf24458b070f946f0e0c8ca958fd4cc32,6c8ba0e7-5f83-4609-9c6c-2403ba61123d,Dummy FASTA file generation and statistics,8,2026-05-08T17:20:26.060000Z,default,vscode-remote:/wsl+ubuntu/home/jhuphila/damlab-skills,vscode-remote:\wsl+ubuntu\home\jhuphila\damlab-skills,,7537fd8fd1271f23a570e3ffa370b68f,global-composer-headers,0,0,0,paired_turn,113,389,140,35,heuristic_fallback,0.5000
b3be5d49fe9c942ca4ec1c80ff02b3a436e294f1f3f1e43c95f6fe7db3230133,6c8ba0e7-5f83-4609-9c6c-2403ba61123d,Dummy FASTA file generation and statistics,9,2026-05-08T17:21:34.937000Z,default,vscode-remote:/wsl+ubuntu/home/jhuphila/damlab-skills,vscode-remote:\wsl+ubuntu\home\jhuphila\damlab-skills,,7537fd8fd1271f23a570e3ffa370b68f,global-composer-headers,0,0,0,paired_turn,218,619,2521,630,heuristic_fallback,0.5000
143efce492269fbbabac44b0070d1ce7eeb00950e8f594ef3eed22159a3f3fef,e4596469-7bb2-4a67-8929-bf5837bde931,Python LLM auto-evaluator setup,0,2026-05-08T17:47:37.176000Z,default,vscode-remote:/wsl+ubuntu/home/jhuphila/star-evaluator,vscode-remote:\wsl+ubuntu\home\jhuphila\star-evaluator,,c4f1ae86da80979030dd83bb7012c8f1,global-composer-headers,0,0,0,paired_turn,1243,2136,12891,3222,heuristic_fallback,0.5000
d6d650d2d5affff3fa3034937e190cccdab56936a428ed5eba4b190010ae476f,e4596469-7bb2-4a67-8929-bf5837bde931,Python LLM auto-evaluator setup,1,2026-05-08T18:08:54.257000Z,default,vscode-remote:/wsl+ubuntu/home/jhuphila/star-evaluator,vscode-remote:\wsl+ubuntu\home\jhuphila\star-evaluator,,c4f1ae86da80979030dd83bb7012c8f1,global-composer-headers,0,0,0,paired_turn,99,2784,22549,5637,heuristic_fallback,0.5000
baa55e93435fcc8158790dbda2da7885071c0a12314717f5e30ab52bb561f27b,e4596469-7bb2-4a67-8929-bf5837bde931,Python LLM auto-evaluator setup,2,2026-05-08T18:12:45.897000Z,default,vscode-remote:/wsl+ubuntu/home/jhuphila/star-evaluator,vscode-remote:\wsl+ubuntu\home\jhuphila\star-evaluator,,c4f1ae86da80979030dd83bb7012c8f1,global-composer-headers,0,0,0,paired_turn,51,454,514,128,heuristic_fallback,0.5000
c96de2221773853621f0fe4ba76ff352a8203251ff790bada05e7d3f6e6ea85b,e4596469-7bb2-4a67-8929-bf5837bde931,Python LLM auto-evaluator setup,3,2026-05-08T18:13:04.515000Z,default,vscode-remote:/wsl+ubuntu/home/jhuphila/star-evaluator,vscode-remote:\wsl+ubuntu\home\jhuphila\star-evaluator,,c4f1ae86da80979030dd83bb7012c8f1,global-composer-headers,0,0,0,paired_turn,14,1089,2580,645,heuristic_fallback,0.5000
c7aea9035161bf78bf864828c21925ef3c64a4852bd7866f69d4d7a8eff466db,bcca43a9-764f-4fa5-a8c6-34dcb0f6f63c,Dockerizing damlab-skills with FastAPI,0,2026-05-08T22:41:10.241000Z,default,vscode-remote:/wsl+ubuntu/home/jhuphila/damlab-api,vscode-remote:\wsl+ubuntu\home\jhuphila\damlab-api,,3d4e8dbde9b183e078282f835bfe4359,global-composer-headers,0,0,0,paired_turn,672,4341,14779,3694,heuristic_fallback,0.5000
a925519dee9dcad0f0a0ac32bf1efd33c309552b43a861a036c575312fc9e365,39b867fe-4881-41b2-8f50-870bb32f86b7,Instructions for running the application,0,2026-05-09T00:50:34.964000Z,default,vscode-remote:/wsl+ubuntu/home/jhuphila/miniconda3,vscode-remote:\wsl+ubuntu\home\jhuphila\miniconda3,,b7a6fab0e9ee7c6ef6894dea70105197,global-composer-headers,0,0,0,paired_turn,28,348,495,123,heuristic_fallback,0.5000
235389506681534d7b98e4f6b5a07a9b44ac487f6091ad4c97b5b3f64f19e14e,1c31cbc1-410d-4310-a86c-fd626ff94d3b,Seqkit usage overview,0,2026-05-11T19:46:44.208000Z,default,vscode-remote:/wsl+ubuntu/home/jhuphila/damlab-skills,vscode-remote:\wsl+ubuntu\home\jhuphila\damlab-skills,,7537fd8fd1271f23a570e3ffa370b68f,global-composer-headers,0,0,0,paired_turn,31,2643,6922,1730,heuristic_fallback,0.5000
e79f3e681d984b3691d43e69624cf8ab3e810a36bb517113f50568c0f9e68139,7c9d0a6c-455b-4447-a82d-e535fe40c577,Conda environment manager script,0,2026-05-17T16:21:34.701000Z,default,vscode-remote:/wsl+ubuntu/home/jhuphila/star-research/conda-manager-agent,vscode-remote:\wsl+ubuntu\home\jhuphila\star-research\conda-manager-agent,,1051d3d03dd2f80598e9f8374248e192,global-composer-headers,0,0,0,paired_turn,1576,2059,8005,2001,heuristic_fallback,0.5000
ced96cb392cb26d369f9decca2fbacb08e08042e401a100108b88626a6cc1458,7c9d0a6c-455b-4447-a82d-e535fe40c577,Conda environment manager script,1,2026-05-17T16:31:38.069000Z,default,vscode-remote:/wsl+ubuntu/home/jhuphila/star-research/conda-manager-agent,vscode-remote:\wsl+ubuntu\home\jhuphila\star-research\conda-manager-agent,,1051d3d03dd2f80598e9f8374248e192,global-composer-headers,0,0,0,paired_turn,48,216,4253,1063,heuristic_fallback,0.5000
d0d73665d566a74ceb1353a5af018b4f5510acc82cf1dfe7405504d7203aab65,7c9d0a6c-455b-4447-a82d-e535fe40c577,Conda environment manager script,2,2026-05-17T16:36:03.156000Z,default,vscode-remote:/wsl+ubuntu/home/jhuphila/star-research/conda-manager-agent,vscode-remote:\wsl+ubuntu\home\jhuphila\star-research\conda-manager-agent,,1051d3d03dd2f80598e9f8374248e192,global-composer-headers,0,0,0,paired_turn,357,766,2351,587,heuristic_fallback,0.5000
85811d1f045d8c66a20537174904f121fb1d6c40da4258cc419951aa40da52a1,f066ef13-7516-4b3e-a945-1567b7d247c7,Python script for auto skills generation,0,2026-05-17T16:48:44.770000Z,default,vscode-remote:/wsl+ubuntu/home/jhuphila/star-research/auto-skills-generator,vscode-remote:\wsl+ubuntu\home\jhuphila\star-research\auto-skills-generator,,401118184a02a86a75614b853672df53,global-composer-headers,0,0,0,paired_turn,1322,1915,14149,3537,heuristic_fallback,0.5000
1b4cc320ee39db5512c12c5865ac1cd7350059c56de715ef942dcfd8f37cd9d2,e1269966-3ede-4189-8c8f-06e048b13967,Bedtools skill generation,0,2026-05-26T01:46:42.428000Z,default,vscode-remote:/wsl+ubuntu/home/jhuphila/star-research/damlab-skills,vscode-remote:\wsl+ubuntu\home\jhuphila\star-research\damlab-skills,,e1373abfbc47f1804a31a0678177155d,global-composer-headers,0,0,0,paired_turn,46,698,2279,569,heuristic_fallback,0.5000
2473c041056b619620770fdca4741c447254d1c825d1b32c99bbe6414b3986eb,e1269966-3ede-4189-8c8f-06e048b13967,Bedtools skill generation,1,2026-05-26T02:11:06.820000Z,default,vscode-remote:/wsl+ubuntu/home/jhuphila/star-research/damlab-skills,vscode-remote:\wsl+ubuntu\home\jhuphila\star-research\damlab-skills,,e1373abfbc47f1804a31a0678177155d,global-composer-headers,0,0,0,paired_turn,46,613,11393,2848,heuristic_fallback,0.5000
a146b8fd6e4c925b9f0a188b6ed04b147604e71e4a50fe79344685f4df2c3074,9f65184f-36f0-4088-ae88-432abace52ca,Bcftools skill generation,0,2026-05-26T02:11:55.018000Z,default,vscode-remote:/wsl+ubuntu/home/jhuphila/star-research/damlab-skills,vscode-remote:\wsl+ubuntu\home\jhuphila\star-research\damlab-skills,,e1373abfbc47f1804a31a0678177155d,global-composer-headers,0,0,0,paired_turn,46,2261,136726,34181,heuristic_fallback,0.5000
245235eadd3fe543884c5271783a1a850ccc30507e66ec99a244f248db6899cf,9f65184f-36f0-4088-ae88-432abace52ca,Bcftools skill generation,1,2026-05-26T02:22:32.804000Z,,vscode-remote:/wsl+ubuntu/home/jhuphila/star-research/damlab-skills,vscode-remote:\wsl+ubuntu\home\jhuphila\star-research\damlab-skills,,e1373abfbc47f1804a31a0678177155d,global-composer-headers,0,0,0,paired_turn,557,0,0,0,heuristic_fallback,0.5000
ae65e9fcf2a1b9fa312328b4da66b38f845e1b9b3275569decd1afb279f433b2,9f65184f-36f0-4088-ae88-432abace52ca,Bcftools skill generation,2,2026-05-26T02:22:32.942000Z,,vscode-remote:/wsl+ubuntu/home/jhuphila/star-research/damlab-skills,vscode-remote:\wsl+ubuntu\home\jhuphila\star-research\damlab-skills,,e1373abfbc47f1804a31a0678177155d,global-composer-headers,0,0,0,paired_turn,559,0,0,0,heuristic_fallback,0.5000
15df8d15c55fe2081db58f5a004e4dc94a021c9eee52d57cd5910c5da4488353,9f65184f-36f0-4088-ae88-432abace52ca,Bcftools skill generation,3,2026-05-26T02:22:32.988000Z,,vscode-remote:/wsl+ubuntu/home/jhuphila/star-research/damlab-skills,vscode-remote:\wsl+ubuntu\home\jhuphila\star-research\damlab-skills,,e1373abfbc47f1804a31a0678177155d,global-composer-headers,0,0,0,paired_turn,555,0,0,0,heuristic_fallback,0.5000
6c03d9380eab1974f3a63c232f98d9eac50606d418f4c7f2fd0235fe9e06f0d6,9f65184f-36f0-4088-ae88-432abace52ca,Bcftools skill generation,4,2026-05-26T02:22:33.064000Z,,vscode-remote:/wsl+ubuntu/home/jhuphila/star-research/damlab-skills,vscode-remote:\wsl+ubuntu\home\jhuphila\star-research\damlab-skills,,e1373abfbc47f1804a31a0678177155d,global-composer-headers,0,0,0,paired_turn,578,0,0,0,heuristic_fallback,0.5000
9f5d321e6027a21ad141a0cd6c48ececa903fcd2b07f92e121d51b90a5bd341d,9f65184f-36f0-4088-ae88-432abace52ca,Bcftools skill generation,5,2026-05-26T02:22:33.136000Z,,vscode-remote:/wsl+ubuntu/home/jhuphila/star-research/damlab-skills,vscode-remote:\wsl+ubuntu\home\jhuphila\star-research\damlab-skills,,e1373abfbc47f1804a31a0678177155d,global-composer-headers,0,0,0,paired_turn,562,584,0,0,heuristic_fallback,0.5000
67dda06e735bdeeb582c79928694430061e8a5804af163cebdbabfa8222fe92c,40a618ac-c8df-4569-af22-4b793a28e17e,Bedtools skill generation,0,2026-05-26T02:27:21.784000Z,default,vscode-remote:/wsl+ubuntu/home/jhuphila/star-research/damlab-skills,vscode-remote:\wsl+ubuntu\home\jhuphila\star-research\damlab-skills,,e1373abfbc47f1804a31a0678177155d,global-composer-headers,0,0,0,paired_turn,46,1668,118374,29593,heuristic_fallback,0.5000
4b65ba686166e2db0e216f846381063a0d3a4598ac0cead83f28e989e4447bf4,40a618ac-c8df-4569-af22-4b793a28e17e,Bedtools skill generation,1,2026-05-26T02:33:47.163000Z,,vscode-remote:/wsl+ubuntu/home/jhuphila/star-research/damlab-skills,vscode-remote:\wsl+ubuntu\home\jhuphila\star-research\damlab-skills,,e1373abfbc47f1804a31a0678177155d,global-composer-headers,0,0,0,paired_turn,568,653,0,0,heuristic_fallback,0.5000
69b9743e7222fb407db708f160e6b7e60412727f3de99af90f015fe652a4c721,40a618ac-c8df-4569-af22-4b793a28e17e,Bedtools skill generation,2,2026-06-01T18:33:20.884000Z,default,vscode-remote:/wsl+ubuntu/home/jhuphila/star-research/damlab-skills,vscode-remote:\wsl+ubuntu\home\jhuphila\star-research\damlab-skills,,e1373abfbc47f1804a31a0678177155d,global-composer-headers,0,0,0,paired_turn,49,958,18212,4553,heuristic_fallback,0.5000
30f5defea3da78c5eaecb7c3cd850cc63875665e25b27dc604489b1bfbea6da0,7f3a897b-8faa-448c-b00b-865327752124,Python wrapper for sequence analysis,0,2026-06-18T00:17:03.449000Z,default,__unattributed__,__unattributed__,,a9627ad90346e88ee3ec76125a0ddaf6,commit-linked,0,0,0,paired_turn,667,1609,216870,54217,heuristic_fallback,0.5000
ffbbe1f95c353b7261442e9d6f6b3ea2bafe313e18b5bada2051d89348a1c25e,dc33581e-24bc-4dff-acc5-74e3064703dd,Sierrapy translate and query implementation,0,2026-06-18T00:38:19.233000Z,default,__unattributed__,__unattributed__,,1e5e7f4cf06909098c06b4fb6cca67aa,commit-linked,0,0,0,paired_turn,870,1537,114646,28661,heuristic_fallback,0.5000
3293545522d0845de44c4ae12ae94386187d2666985233079952e455cac59929,dc33581e-24bc-4dff-acc5-74e3064703dd,Sierrapy translate and query implementation,1,2026-06-18T00:57:40.428000Z,default,__unattributed__,__unattributed__,,1e5e7f4cf06909098c06b4fb6cca67aa,commit-linked,0,0,0,paired_turn,499,1291,35018,8754,heuristic_fallback,0.5000
322db3e212409762cd3130e046d9d0dab6a8e8021ecf3173d85391f475a4877c,c4a4d6d4-ab1c-4413-8356-64b8a99e8936,Drug resistance mutation analysis,0,2026-06-22T15:10:45.381000Z,default,vscode-remote:/wsl+ubuntu/home/jhuphila/star-research/damlab-skills,vscode-remote:\wsl+ubuntu\home\jhuphila\star-research\damlab-skills,,e1373abfbc47f1804a31a0678177155d,global-composer-headers,0,0,0,paired_turn,148,2650,42114,10528,heuristic_fallback,0.5000
7988f4d297db4bf9454a3e472b94a07587141ef1fa37054fb792187b0b2fe1dc,0f681718-2580-442d-a067-d0b3168d49b8,Comprehensive README editing,0,2026-06-23T15:24:26.683000Z,default,__unattributed__,__unattributed__,,1e5e7f4cf06909098c06b4fb6cca67aa,commit-linked,0,0,0,paired_turn,64,1451,56400,14100,heuristic_fallback,0.5000
7f501b9ef70d81c34aa720815cc519c91c937ea51adef8d661a91fb377ef5558,856ae2fc-b1e5-4be3-afbe-d0d9a63268a9,HIV drug-resistance mutation analysis,0,2026-06-23T17:07:46.960000Z,default,__unattributed__,__unattributed__,,1e5e7f4cf06909098c06b4fb6cca67aa,commit-linked,0,0,0,paired_turn,150,5207,68720,17180,heuristic_fallback,0.5000
6801fa77fc7fac8ace28469008858852cb79d2e81fa59be346b62a625715c5b3,856ae2fc-b1e5-4be3-afbe-d0d9a63268a9,HIV drug-resistance mutation analysis,1,2026-06-23T23:17:07.829000Z,default,__unattributed__,__unattributed__,,1e5e7f4cf06909098c06b4fb6cca67aa,commit-linked,0,0,0,paired_turn,121,3305,22507,5626,heuristic_fallback,0.5000
85c6e970cf4ea1c2248ab777875f8dabf853f3186146f6ea7dbcbdde87a77b55,856ae2fc-b1e5-4be3-afbe-d0d9a63268a9,HIV drug-resistance mutation analysis,2,2026-06-23T23:21:19.085000Z,default,__unattributed__,__unattributed__,,1e5e7f4cf06909098c06b4fb6cca67aa,commit-linked,0,0,0,paired_turn,44,1866,8066,2016,heuristic_fallback,0.5000
f34a9efa28b98c096cc549caf51c06a70ce5ddeb25419d15c9f480f3f09ade79,861e6d7e-4bc3-4615-8c29-5f7aab11669a,SierraPy validation changes,0,2026-06-29T15:11:23.276000Z,default,__unattributed__,__unattributed__,,1e5e7f4cf06909098c06b4fb6cca67aa,commit-linked,0,0,0,paired_turn,570,1498,37650,9412,heuristic_fallback,0.5000
2a26a652c75e585a92e946ab6d74eaa870989be71fd8b4b8a3373c497bd372cf,861e6d7e-4bc3-4615-8c29-5f7aab11669a,SierraPy validation changes,1,2026-06-29T16:23:57.182000Z,default,__unattributed__,__unattributed__,,1e5e7f4cf06909098c06b4fb6cca67aa,commit-linked,0,0,0,paired_turn,108,1107,19045,4761,heuristic_fallback,0.5000
ae2fb1c4125608e12463b339b6f6ae6da138c143fdb66934c765dd68951ce4d7,a98dfbfa-a008-44f6-b2a8-a6e7b5613ca7,HIV drug-resistance mutations analysis,0,2026-06-29T15:25:57.082000Z,default,vscode-remote:/wsl+ubuntu/home/jhuphila/star-research/hiv-agent,vscode-remote:\wsl+ubuntu\home\jhuphila\star-research\hiv-agent,,1e5e7f4cf06909098c06b4fb6cca67aa,global-composer-headers,0,0,0,paired_turn,150,5021,53529,13382,heuristic_fallback,0.5000
23c5363366e6084bb29dd663da0331bb5b9a196425fabdf88d91b166d2edf3ad,ceda97ac-c220-4e39-9d9a-a2e9a7f31d6b,HIV drug-resistance mutations analysis,0,2026-06-29T15:33:18.433000Z,default,vscode-remote:/wsl+ubuntu/home/jhuphila/star-research/hiv-agent,vscode-remote:\wsl+ubuntu\home\jhuphila\star-research\hiv-agent,,1e5e7f4cf06909098c06b4fb6cca67aa,global-composer-headers,0,0,0,paired_turn,150,4115,73339,18334,heuristic_fallback,0.5000
52aec3fe319f99cb6460152bb501457ff09c65f6137f0678f06a1c899a87b343,1dba4901-a35f-4692-9611-e10c0d574d38,Cursor skills shortcut,0,2026-06-29T17:15:42.818000Z,default,vscode-remote:/wsl+ubuntu/home/jhuphila/star-research/hiv-agent,vscode-remote:\wsl+ubuntu\home\jhuphila\star-research\hiv-agent,,1e5e7f4cf06909098c06b4fb6cca67aa,global-composer-headers,0,0,0,paired_turn,67,803,14384,3596,heuristic_fallback,0.5000
62a053a28f4bce513eea3693605ed1ce821633baf853563185af7c176a901698,0363895f-3e72-4fa6-aa67-c7a208147558,HIV evaluation skill,0,2026-07-01T16:26:16.796000Z,default,__unattributed__,__unattributed__,,1e5e7f4cf06909098c06b4fb6cca67aa,commit-linked,0,0,0,paired_turn,6126,1885,31851,7962,heuristic_fallback,0.5000
cb2d9a6af3de8e001e61c5b6b87c093793614a147a67116302d9909a4f272ad2,0363895f-3e72-4fa6-aa67-c7a208147558,HIV evaluation skill,1,2026-07-01T16:53:09.858000Z,default,__unattributed__,__unattributed__,,1e5e7f4cf06909098c06b4fb6cca67aa,commit-linked,0,0,0,paired_turn,398,856,19491,4872,heuristic_fallback,0.5000
4f93a09201f5f1da02ad4b9fcc002141d01dd745d06899cfde271e12327a1ca3,f7134806-a4ca-4ba2-bd04-18197e8f79ca,Fasta sequence analysis report,0,2026-07-01T17:24:51.961000Z,default,vscode-remote:/wsl+ubuntu/home/jhuphila/star-research/hiv-agent,vscode-remote:\wsl+ubuntu\home\jhuphila\star-research\hiv-agent,,1e5e7f4cf06909098c06b4fb6cca67aa,global-composer-headers,0,0,0,paired_turn,330,206,14666,3666,heuristic_fallback,0.5000
845589604aaaf3d6fa2693eb09c27fe0d0ca350930c6bf5ed65a7447469b8c54,23a2be4d-23c8-4fa1-ac23-faa3fc6886e7,Fasta sequence analysis report,0,2026-07-01T17:25:11.256000Z,default,__unattributed__,__unattributed__,,1e5e7f4cf06909098c06b4fb6cca67aa,commit-linked,0,0,0,paired_turn,330,2319,93939,23484,heuristic_fallback,0.5000
3f15466551029c9cfef40afdf12f2dea8c52af7b75e9fca479efa059bca44d0d,e802e1b9-a185-43f6-80da-df17c7addf6f,Fasta sequence analysis report,0,2026-07-01T17:28:34.598000Z,claude-opus-4-5,vscode-remote:/wsl+ubuntu/home/jhuphila/star-research/hiv-agent,vscode-remote:\wsl+ubuntu\home\jhuphila\star-research\hiv-agent,,1e5e7f4cf06909098c06b4fb6cca67aa,global-composer-headers,0,0,0,paired_turn,330,407,14158,3539,heuristic_fallback,0.5000
c26b17caf2a3128e30da2f88c8c885b4f470dda8610f335b9b70a24c7f3f1c91,2223cd3c-9c6f-4d22-8072-f0d8a90c14d9,Fasta sequence analysis report,0,2026-07-01T17:29:43.578000Z,claude-opus-4-5,__unattributed__,__unattributed__,,1e5e7f4cf06909098c06b4fb6cca67aa,commit-linked,0,111619,111630,paired_turn,330,2132,50921,12730,heuristic_fallback,0.5000
430400fa49078f1e6b25911231e93d052f7d1a4eb2d04fb5c1a066f90fbc4ff7,2223cd3c-9c6f-4d22-8072-f0d8a90c14d9,Fasta sequence analysis report,1,2026-07-01T17:36:12.782000Z,default,__unattributed__,__unattributed__,,1e5e7f4cf06909098c06b4fb6cca67aa,commit-linked,111630,0,0,paired_turn,46,3221,52357,13089,heuristic_fallback,0.5000
32a6105aed0a3adc57d9df4e292e8a037c3480d3fe04c20a931850bbf1aa86dc,27bb7ed3-19e4-493f-9b91-126e1c54db38,HIV drug-resistance analysis,0,2026-07-01T18:28:05.751000Z,default,__unattributed__,__unattributed__,,1e5e7f4cf06909098c06b4fb6cca67aa,commit-linked,0,0,0,paired_turn,153,5413,81476,20369,heuristic_fallback,0.5000
35300424336aabee8ee9563bf9be61918cb93fd42a095abef0d6b6135e08be81,a276b0d8-248f-422e-8e83-1d72116be245,Sequence analysis report,0,2026-07-01T18:36:21.157000Z,default,__unattributed__,__unattributed__,,1e5e7f4cf06909098c06b4fb6cca67aa,commit-linked,0,0,0,paired_turn,401,2803,147371,36842,heuristic_fallback,0.5000
9bf332715cf3059a7bb7abb685262753830429503d782e3b8ffc4094d07fe719,a276b0d8-248f-422e-8e83-1d72116be245,Sequence analysis report,1,2026-07-01T18:38:47.039000Z,default,__unattributed__,__unattributed__,,1e5e7f4cf06909098c06b4fb6cca67aa,commit-linked,0,0,0,paired_turn,46,4617,45444,11361,heuristic_fallback,0.5000
9dc3b26c3edf24cce561907b2c87b315df230d66bb4743cc6e657fe720af5b18,92b3bd49-24e0-4f5b-9c2b-ca44eeb0fdf0,HIV drug-resistance analysis,0,2026-07-01T18:58:01.857000Z,default,vscode-remote:/wsl+ubuntu/home/jhuphila/star-research/hiv-agent,vscode-remote:\wsl+ubuntu\home\jhuphila\star-research\hiv-agent,,1e5e7f4cf06909098c06b4fb6cca67aa,global-composer-headers,0,0,0,paired_turn,153,4295,122669,30667,heuristic_fallback,0.5000
5cdc9d055b7c149219f5940f213c687f5709e501eb05781bc60e9216aade7df2,51004aaa-0b30-4053-9494-a941f00db5b5,HIV drug-resistance analysis,0,2026-07-01T18:59:06.127000Z,default,__unattributed__,__unattributed__,,e1373abfbc47f1804a31a0678177155d,commit-linked,0,0,0,paired_turn,148,5062,174200,43550,heuristic_fallback,0.5000
4180f38cb3c55f3ac37daafd019a2a662a92892cdbdfd98ef23e34a5c2f304a5,cd656ddb-4fe2-480e-9410-271cb06842cc,Sequence analysis report,0,2026-07-01T19:13:52.670000Z,default,__unattributed__,__unattributed__,,1e5e7f4cf06909098c06b4fb6cca67aa,commit-linked,0,0,0,paired_turn,401,2844,103862,25965,heuristic_fallback,0.5000
3d8e2756c8aa08767540a7d09807c05c6032145cc05436e1abd43067e9acf8eb,cd656ddb-4fe2-480e-9410-271cb06842cc,Sequence analysis report,1,2026-07-01T19:15:02.301000Z,default,__unattributed__,__unattributed__,,1e5e7f4cf06909098c06b4fb6cca67aa,commit-linked,0,0,0,paired_turn,46,2654,35111,8777,heuristic_fallback,0.5000
ee6d68373176a513fa043b218c197283626cc63c8b97852f6eb0c20c786b76d9,b8587448-e16a-4dd4-96a1-fa0a8c0548e6,,0,2026-07-06T18:28:46.483000Z,claude-opus-4-8,__unattributed__,__unattributed__,,,bubble-no-files,0,0,0,paired_turn,457,3231,93477,23369,heuristic_fallback,0.5000
6300c86bf623e7b155ca04905bba7d9d5ad825f456e6b7356a394d98cce818ca,83c25d23-58b5-4d4c-8990-2ea6070c8310,,0,2026-07-06T19:28:49.164000Z,claude-opus-4-8,__unattributed__,__unattributed__,,,commit-linked,0,0,0,paired_turn,448,3674,94025,23506,heuristic_fallback,0.5000
28699cdaae7abf3fe67a353f533e7a0acf662bd45683843312ed00e20cd74dfc,1e90f5a6-6dd2-4a12-8454-c570c05a44ff,,0,2026-07-06T21:18:08.503000Z,default,__unattributed__,__unattributed__,,,bubble-no-files,0,0,0,paired_turn,132,4622,225434,56358,heuristic_fallback,0.5000
360c07a931cf3997451a4c16040b3303856ce3d71e77c5d516305ad95c4b6bf7,fd55d1d2-fb4c-47a9-859e-d873d21e58a6,,0,2026-07-06T21:29:55.303000Z,claude-opus-4-8,__unattributed__,__unattributed__,,,bubble-no-files,0,0,0,paired_turn,403,3671,63738,15934,heuristic_fallback,0.5000
6e5106136a66b96925565863d89a032b87fcaf9649be40db9b7e558e71ac3544,16cfdfb8-3d80-4891-a703-6ae144fc8709,,0,2026-07-06T22:07:44.055000Z,claude-opus-4-8,__unattributed__,__unattributed__,,,commit-linked,0,0,0,paired_turn,392,3176,56050,14012,heuristic_fallback,0.5000
53bd8d53e7cf375a8dad0a49b2206c42ad25039cf87453c8036de870bb2e563c,0cf2cb4a-4ed1-4e35-98dc-5c315fd2ba6e,,0,2026-07-07T16:49:06.243000Z,gpt-5.5,__unattributed__,__unattributed__,,,bubble-no-files,0,0,0,paired_turn,798,194,2,0,heuristic_fallback,0.5000
6d43404f14a02139500372860f4cbc60180b601b3f487f6b56b2cefaf2b45a28,acbb4e42-3f01-4bdf-9b47-7206a994c577,,0,2026-07-07T17:15:36.925000Z,,__unattributed__,__unattributed__,,,bubble-no-files,0,0,0,paired_turn,808,697,37731,9432,heuristic_fallback,0.5000
e5578a8fedeefc908a347ad74a385a98df372f36294c3926fdeafb081638d4e7,de392138-2484-4f9d-a208-240765d341c7,,0,2026-07-07T17:17:11.594000Z,gpt-5.3-codex,__unattributed__,__unattributed__,,,bubble-no-files,0,0,0,paired_turn,808,3877,54128,13532,heuristic_fallback,0.5000
a3635355b58d968efb102e5431f7f7ac8401f8fcc288a3b62f94aa2d30648396,f7e955af-f904-47c4-a678-9ff4ed30e37c,,0,2026-07-07T17:31:00.816000Z,gpt-5.5,__unattributed__,__unattributed__,,,commit-linked,0,0,0,paired_turn,841,2866,32864,8216,heuristic_fallback,0.5000
8998e9a3a3824826c93bf1789e36bd9f13978c4f65d3aeb78ac3fd2dc2f57c28,e7cc7a7e-1b78-4f5d-9cbd-6ac70ad00aed,,0,2026-07-07T18:04:32.722000Z,gpt-5.3-codex,__unattributed__,__unattributed__,,,bubble-no-files,0,0,0,paired_turn,392,1806,45631,11407,heuristic_fallback,0.5000
f37eea8ccbd902b85af69e6f2f741dae67f79ac77231485dd5d5e7829dfaa656,48325670-9c13-467e-987a-f3d11760c86d,,0,2026-07-07T18:11:36.525000Z,gpt-5.5,__unattributed__,__unattributed__,,,commit-linked,0,0,0,paired_turn,846,2440,63397,15849,heuristic_fallback,0.5000
f3435aadcc6648bda5096520915f4ad7de30689cbe7503ef5b3c6e914f752efc,b8e3ea82-6c81-4e56-8f2d-d7845e2a3bbb,,0,2026-07-07T18:21:29.114000Z,composer-2.5,__unattributed__,__unattributed__,,,commit-linked,0,0,0,paired_turn,392,2745,85258,21314,heuristic_fallback,0.5000
d23d50e50abe2d869970f3465c54db272d81f0b696ee4aa2f15852abe79e5123,4716d566-8837-41aa-9826-1da6e2835f57,,0,2026-07-07T18:25:56.872000Z,gpt-5.5,__unattributed__,__unattributed__,,,bubble-no-files,0,0,0,paired_turn,854,687,37616,9404,heuristic_fallback,0.5000
2c983c6df2cd423c3dadb3389b59e95de5691cb68ce62a5a9ab9100dc1d6da39,bc173a0b-fd60-4cc9-b013-9334c1a8f1b3,,0,2026-07-07T18:28:17.491000Z,,__unattributed__,__unattributed__,,,commit-linked,0,0,0,paired_turn,854,3011,66509,16627,heuristic_fallback,0.5000
5732ba8c2da7f786ec8e5af3715cc58f512c1b0dc98f7ded3484dd990aa93f2d,b508a5f1-dbd3-4ff1-9ad7-bf95674736c5,,0,2026-07-07T19:02:46.250000Z,default,__unattributed__,__unattributed__,,,commit-linked,0,0,0,paired_turn,142,585,2808,702,heuristic_fallback,0.5000
17c2a0611efd69ab6ced651898dc5241c8f7713ed12fde0decd072bc8995f41d,2674acfe-9250-41ae-a470-4771162630af,,0,2026-07-07T19:06:18.222000Z,default,__unattributed__,__unattributed__,,,commit-linked,0,0,0,paired_turn,621,790,13370,3342,heuristic_fallback,0.5000
cadf6bc80ded3214a35df92e0a0467d7c8c3d9ede1b41678b6a7612b8fbf7b80,61983106-4777-49ab-b766-ea0aa135719f,,0,2026-07-07T21:01:13.311000Z,claude-fable-5,__unattributed__,__unattributed__,,,commit-linked,0,0,0,paired_turn,392,2930,114478,28619,heuristic_fallback,0.5000
2ff2f7582f807565c1644164391b000773e54a9cb71567a8f6f556e1c3a32b06,27aeb4fe-f876-42c8-b0d1-18fca4f8fd47,,0,2026-07-07T21:09:59.170000Z,claude-fable-5,__unattributed__,__unattributed__,,,commit-linked,0,0,0,paired_turn,392,2493,55542,13885,heuristic_fallback,0.5000
8227ee983801584698218e94ebe6c9e818120479dc44df10110f1484c8c16a23,cd46deb1-52f4-4604-a0c9-47b42d43c72d,,0,2026-07-07T21:22:37.597000Z,,__unattributed__,__unattributed__,,,bubble-no-files,0,0,0,paired_turn,1343,392,19294,4823,heuristic_fallback,0.5000
78c64a6a0a1f9faf7b1cc2fce9e002057e3e927249fa99a8fd460786a6ce9e27,e5248e6e-0cbd-4e11-af72-94365e866929,,0,2026-07-07T21:24:16.726000Z,gpt-5.5,__unattributed__,__unattributed__,,,bubble-no-files,0,0,0,paired_turn,1340,866,19683,4920,heuristic_fallback,0.5000
e3891f785b431cbf49d9d33056564ed0adc6de0803e3fbe4529648df1c0147a3,03d0979a-1feb-47b3-959f-9e7c76cb931e,,0,2026-07-07T21:45:24.527000Z,,__unattributed__,__unattributed__,,,commit-linked,0,0,0,paired_turn,1340,1481,62983,15745,heuristic_fallback,0.5000
f3b47128362dfd29c81b0b219ef2bc189f44ed6fd536ae760c86745e18b2a16c,a1fdee5e-2d45-4c2a-9aa8-dfb7c4bda75c,,0,2026-07-07T21:44:37.044000Z,claude-fable-5,__unattributed__,__unattributed__,,,commit-linked,0,0,0,paired_turn,392,3140,86949,21737,heuristic_fallback,0.5000
57feb2e87416b00a34297b425b199524e896fbf2680425799d1e77cdccbee4d8,791f61b7-6c49-423e-b849-77b88003b974,,0,2026-07-07T21:46:13.988000Z,gpt-5.5,__unattributed__,__unattributed__,,,commit-linked,0,0,0,paired_turn,1340,2439,79978,19994,heuristic_fallback,0.5000
cd52bfd0fcb5dac58581da790e07ba291b3c935e649f29871b279266a9157f41,3539a838-9dd6-4a74-96f9-52ef8bbc4b0e,,0,2026-07-07T22:04:19.933000Z,claude-fable-5,__unattributed__,__unattributed__,,,commit-linked,0,0,0,paired_turn,392,2497,48978,12244,heuristic_fallback,0.5000
92e8f59b638b41a6d92b86b94d2b2ff1bf7cec7854c3c72532df887cba06f8ba,4bdfb0ad-25be-4e7c-8a11-1db4cc013466,,0,2026-07-07T22:35:42.200000Z,gpt-5.5,__unattributed__,__unattributed__,,,commit-linked,0,0,0,paired_turn,1410,3548,67582,16895,heuristic_fallback,0.5000
04aaebe69ecebfc6a1690d206a1d942ec4c15202514c264b53bf86ddc46d70d3,349b7efb-639d-4b53-be57-72c532b10922,,0,2026-07-07T23:04:35.763000Z,,__unattributed__,__unattributed__,,,commit-linked,0,0,0,paired_turn,1420,2341,69378,17344,heuristic_fallback,0.5000
7fda9fa6665813df21f6e6a4a92a1c569bd1f88a8c11fb5bbe63be09597c93d1,75389948-db82-417d-a1e1-affe9196dec9,,0,2026-07-08T16:06:40.025000Z,claude-fable-5,__unattributed__,__unattributed__,,,commit-linked,0,0,0,paired_turn,392,3246,55003,13750,heuristic_fallback,0.5000
73b30891390ad5181e9fdbaa92a72c301c4a04fea7d1482e7d8a5fff6b150f57,00d4bc34-07c3-4c73-8f02-b7593a35777a,,0,2026-07-08T18:14:18.201000Z,,__unattributed__,__unattributed__,,,commit-linked,0,0,0,paired_turn,429,2385,101646,25411,heuristic_fallback,0.5000
c8f93ffdfee637e3684f90171ad7b253c02f3f64c831e691764e7e02db645152,d93cbcbe-0d06-4eed-be73-f258c9f275b1,,0,2026-07-08T18:36:45.413000Z,claude-fable-5,__unattributed__,__unattributed__,,,bubble-no-files,0,0,0,paired_turn,429,2065,56770,14192,heuristic_fallback,0.5000
48bb3a293ba55797f874e5e0dcd8cee648a2bcbd57907b814af860e121fbdeb6,d1564d9e-72af-4aa2-bf1a-2533efe2ca59,,0,2026-07-08T18:43:35.173000Z,claude-fable-5,__unattributed__,__unattributed__,,,commit-linked,0,0,0,paired_turn,429,2722,58851,14712,heuristic_fallback,0.5000
478bd633e8c2c44b4e2eb621fbb4573a9b41ae15397e0ad00058b7406047229b,427ad657-d0a5-43dc-ab24-d8e1177a7788,,0,2026-07-08T18:51:33.275000Z,grok-4.5,__unattributed__,__unattributed__,,,bubble-no-files,0,0,0,paired_turn,429,1493,77989,19497,heuristic_fallback,0.5000
403403da6067b4e5d23b114d750552ac03d33f9c413940a0ea39d686bed0bc8f,95d22aea-0299-41b9-8a68-12945848cdc2,,0,2026-07-08T18:59:28.930000Z,grok-4.5,__unattributed__,__unattributed__,,,commit-linked,0,0,0,paired_turn,429,1717,99618,24904,heuristic_fallback,0.5000
9eb4d39046dc1a577b92c23b6c70672267084fe7619bd8ebe7dff24e8bdc8ee7,95a03c48-c530-44f5-9dec-bbeebc90b210,,0,2026-07-08T19:03:19.079000Z,grok-4.5,__unattributed__,__unattributed__,,,bubble-no-files,0,0,0,paired_turn,429,1391,69124,17281,heuristic_fallback,0.5000
7026760a9fef69324fd411faf780e2526356da1ff0ce4af14ec7dda8774495ce,9ae301a2-0508-4abc-a0ac-fef3e4382900,,0,2026-07-08T19:36:17.791000Z,,__unattributed__,__unattributed__,,,bubble-no-files,0,0,0,paired_turn,1735,1233,56528,14132,heuristic_fallback,0.5000
61037bbbf5ade09d997f95b77290017f2adf67ee9b012d12ef6de1ced6ec9b66,05e715ac-877d-4e0d-be6a-1050fd58c91a,,0,2026-07-08T19:36:57.901000Z,gpt-5.5,__unattributed__,__unattributed__,,,commit-linked,0,0,0,paired_turn,1735,3125,80495,20123,heuristic_fallback,0.5000
4b926fbb73947624168facea719f31fd54723ab415aad225510158b163071884,b6374bcf-397b-4a3f-81b7-d9a72ddb7001,,0,2026-07-08T19:47:16.916000Z,gpt-5.5,__unattributed__,__unattributed__,,,commit-linked,0,0,0,paired_turn,1735,2080,53457,13364,heuristic_fallback,0.5000
3f0bd30ee259aa281fce11d10bfe67c4ed9323423d665d52bf0116b232f4ddda,e4d1e78e-a21d-4fb7-934d-b39a39a7bb97,,0,2026-07-08T19:47:36.637000Z,gpt-5.5,__unattributed__,__unattributed__,,,commit-linked,0,0,0,paired_turn,1735,2582,77071,19267,heuristic_fallback,0.5000
49d724050426dced2a048e42ce295c62ada4729a4cefa03686b2e38e31b8c35a,180c21cf-1bb5-46f5-ba61-d83516cba420,,0,2026-07-08T19:55:13.602000Z,,__unattributed__,__unattributed__,,,bubble-no-files,0,0,0,paired_turn,1730,1655,65481,16370,heuristic_fallback,0.5000
833508f927c846df69b78847eecf1ce9ff5d011045ee03ef26431ab463b75fed,ee119e41-ce60-42fd-9fd8-a4f88c21e046,,0,2026-07-08T19:52:10.599000Z,,__unattributed__,__unattributed__,,,commit-linked,0,0,0,paired_turn,1730,2262,69009,17252,heuristic_fallback,0.5000
1f42056fdf4f0a7281844de9b50d6f5e16ffbcf368f9d2d58f423988cf436765,26c6b99b-b3f6-4eb1-93d6-25d8d6994863,,0,2026-07-08T19:57:24.542000Z,,__unattributed__,__unattributed__,,,bubble-no-files,0,0,0,paired_turn,1730,1651,59413,14853,heuristic_fallback,0.5000
c6abd10a9fc0b12005ed7fc0d569a145f76eb8c2de573576abc83cc6f0650fe5,ec127342-0455-4153-a415-444df3a6d4b9,,0,2026-07-08T20:00:05.323000Z,,__unattributed__,__unattributed__,,,commit-linked,0,0,0,paired_turn,1730,2242,43608,10902,heuristic_fallback,0.5000
2e971a0c87e2bbf8b5d5c506a602f5f6db2943c325fe71a9a54d6e8d5c1a19df,0da33768-cd51-4b5b-a6a4-d174970afdbd,,0,2026-07-08T19:57:09.610000Z,gpt-5.5,__unattributed__,__unattributed__,,,commit-linked,0,0,0,paired_turn,1730,2159,43404,10851,heuristic_fallback,0.5000
7ab15df324cc3118f34c9bae246e496fbc5885f4ea2e9a4dcaa35298c4a2fcb0,77cf264a-3d58-479f-89be-e248d2ecacc1,,0,2026-07-08T19:58:57.235000Z,composer-2.5,__unattributed__,__unattributed__,,,bubble-no-files,0,0,0,paired_turn,429,2734,47545,11886,heuristic_fallback,0.5000
50645a7f4c3211273008892b3666e4114fb029ca33ec046882914b035603b7f8,d11d283d-e1cb-481a-8532-87da216ff8d6,,0,2026-07-09T02:42:41.679000Z,,__unattributed__,__unattributed__,,,bubble-no-files,0,0,0,paired_turn,1675,198,23752,5938,heuristic_fallback,0.5000
b94543b0d70fad2e5db80c59d8b0800d2b835985ddcbd19cccae112fa03eab2c,a184f17c-be8b-479f-a4fe-f521e411e7d3,,0,2026-07-09T02:46:30.361000Z,gpt-5.5,__unattributed__,__unattributed__,,,bubble-no-files,0,0,0,paired_turn,1675,2691,79256,19814,heuristic_fallback,0.5000
e18f378557741834f580466fc62a4459a5c09b79b247dbdf9ce4f389f3f8da31,5c0ff439-3c78-4ade-858c-b01c9a4b0c7b,,0,2026-07-09T03:00:05.349000Z,composer-2.5,__unattributed__,__unattributed__,,,commit-linked,0,0,0,paired_turn,429,2048,75879,18969,heuristic_fallback,0.5000
31019410580b1547e2812048409b46a43e4915247698f3ea3065b923669a5156,22ad029a-cca8-41fd-9de9-1f2d27873bb5,,0,2026-07-09T03:03:24.972000Z,composer-2.5,__unattributed__,__unattributed__,,,commit-linked,0,0,0,paired_turn,429,3138,44624,11156,heuristic_fallback,0.5000
4a240a528adef55ebf1fa55cbc5c8b498db44748da33d2a07b6fc5c5369250b1,8b3fe0cf-a8cd-4f72-8197-b196ed70ee4c,,0,2026-07-09T03:07:19.349000Z,claude-sonnet-5,__unattributed__,__unattributed__,,,commit-linked,0,0,0,paired_turn,429,2638,92065,23016,heuristic_fallback,0.5000
bde7ee04fb56d338c10e218326cffa6b035b608cfc7a3859982c775bf5f3d04d,8b3fe0cf-a8cd-4f72-8197-b196ed70ee4c,,1,2026-07-09T03:13:11.009000Z,,__unattributed__,__unattributed__,,,commit-linked,0,0,0,paired_turn,601,331,0,0,heuristic_fallback,0.5000
110c18f170f0e4938063f752730238ffb0ccd72c80d788f95126b932b1453e50,63f4e953-6df7-4a11-a1f2-3a78194c27fc,,0,2026-07-09T03:15:25.354000Z,claude-sonnet-5,__unattributed__,__unattributed__,,,commit-linked,0,0,0,paired_turn,429,2524,73431,18357,heuristic_fallback,0.5000
ec507ac4593afae65e825addf879548ca49f94218015f8140fa166c5ed797b20,0005ea73-822f-4f30-9381-6eb64fe22ceb,,0,2026-07-09T03:23:33.515000Z,,__unattributed__,__unattributed__,,,commit-linked,0,0,0,paired_turn,306,2869,63919,15979,heuristic_fallback,0.5000
8e6b5090c83a82686f5271d9b57c45542d53361cf22283495ff63be49c708094,ae6ca23f-f058-4d81-bf8c-7a9c9b833cab,,0,2026-07-09T03:28:30.652000Z,gpt-5.5,__unattributed__,__unattributed__,,,commit-linked,0,0,0,paired_turn,306,2735,121550,30387,heuristic_fallback,0.5000
c7c78cf43d0dc9c7b569c8050f5234e6c47672feeb6ece481de96ee6e49d7976,6f3da75b-7581-4fb4-89fc-3aa994f312d9,,0,2026-07-09T03:34:51.417000Z,gpt-5.5,__unattributed__,__unattributed__,,,commit-linked,0,0,0,paired_turn,318,2114,75994,18998,heuristic_fallback,0.5000
7abf84f4dca4f2bddc839a6269b599e82ac45876cb4d9c65af83ada7fb48f517,68db7e83-b067-4881-8906-0bd216899f17,,0,2026-07-09T03:35:23.494000Z,gpt-5.5,__unattributed__,__unattributed__,,,commit-linked,0,0,0,paired_turn,318,2262,75312,18828,heuristic_fallback,0.5000
a71d1395a17027d29ca358a491ccd01602afe2704009f3f598c9df0ba10c99c1,b2c7ef0f-6daa-4a27-9022-8ade1815e167,,0,2026-07-09T03:54:24.683000Z,claude-sonnet-5,__unattributed__,__unattributed__,,,bubble-no-files,0,0,0,paired_turn,429,3018,81813,20453,heuristic_fallback,0.5000
