sequence_id,subtype,record_type,gene,first_aa,last_aa,gene_length,position,mutation,drug_class,drug,score,level
B.FR.83.HXB2_LAI_IIIB_BRU.K03455,B (0.70%),gene,PR,1,99,99,,,,,,
B.FR.83.HXB2_LAI_IIIB_BRU.K03455,B (0.70%),mutation,PR,,,,3,I3V,,,,
B.FR.83.HXB2_LAI_IIIB_BRU.K03455,B (0.70%),mutation,PR,,,,37,N37S,,,,
B.FR.83.HXB2_LAI_IIIB_BRU.K03455,B (0.70%),gene,RT,1,560,560,,,,,,
B.FR.83.HXB2_LAI_IIIB_BRU.K03455,B (0.70%),mutation,RT,,,,122,K122E,,,,
B.FR.83.HXB2_LAI_IIIB_BRU.K03455,B (0.70%),mutation,RT,,,,214,F214L,,,,
B.FR.83.HXB2_LAI_IIIB_BRU.K03455,B (0.70%),mutation,RT,,,,272,A272P,,,,
B.FR.83.HXB2_LAI_IIIB_BRU.K03455,B (0.70%),mutation,RT,,,,277,K277R,,,,
B.FR.83.HXB2_LAI_IIIB_BRU.K03455,B (0.70%),mutation,RT,,,,376,A376T,,,,
B.FR.83.HXB2_LAI_IIIB_BRU.K03455,B (0.70%),mutation,RT,,,,400,A400T,,,,
B.FR.83.HXB2_LAI_IIIB_BRU.K03455,B (0.70%),mutation,RT,,,,460,D460N,,,,
B.FR.83.HXB2_LAI_IIIB_BRU.K03455,B (0.70%),mutation,RT,,,,468,S468T,,,,
B.FR.83.HXB2_LAI_IIIB_BRU.K03455,B (0.70%),mutation,RT,,,,483,H483Y,,,,
B.FR.83.HXB2_LAI_IIIB_BRU.K03455,B (0.70%),mutation,RT,,,,512,K512Q,,,,
B.FR.83.HXB2_LAI_IIIB_BRU.K03455,B (0.70%),mutation,RT,,,,519,S519N,,,,
B.FR.83.HXB2_LAI_IIIB_BRU.K03455,B (0.70%),gene,IN,1,288,288,,,,,,
B.FR.83.HXB2_LAI_IIIB_BRU.K03455,B (0.70%),mutation,IN,,,,10,E10D,,,,
B.FR.83.HXB2_LAI_IIIB_BRU.K03455,B (0.70%),mutation,IN,,,,72,I72V,,,,
B.FR.83.HXB2_LAI_IIIB_BRU.K03455,B (0.70%),mutation,IN,,,,123,S123G,,,,
B.FR.83.HXB2_LAI_IIIB_BRU.K03455,B (0.70%),mutation,IN,,,,124,T124A,,,,
B.FR.83.HXB2_LAI_IIIB_BRU.K03455,B (0.70%),mutation,IN,,,,127,K127R,,,,
B.FR.83.HXB2_LAI_IIIB_BRU.K03455,B (0.70%),mutation,IN,,,,232,D232N,,,,
B.FR.83.HXB2_LAI_IIIB_BRU.K03455,B (0.70%),drug_score,PR,,,,,Susceptible,PI,ATV,0.0,1
B.FR.83.HXB2_LAI_IIIB_BRU.K03455,B (0.70%),drug_score,PR,,,,,Susceptible,PI,DRV,0.0,1
B.FR.83.HXB2_LAI_IIIB_BRU.K03455,B (0.70%),drug_score,PR,,,,,Susceptible,PI,FPV,0.0,1
B.FR.83.HXB2_LAI_IIIB_BRU.K03455,B (0.70%),drug_score,PR,,,,,Susceptible,PI,IDV,0.0,1
B.FR.83.HXB2_LAI_IIIB_BRU.K03455,B (0.70%),drug_score,PR,,,,,Susceptible,PI,LPV,0.0,1
B.FR.83.HXB2_LAI_IIIB_BRU.K03455,B (0.70%),drug_score,PR,,,,,Susceptible,PI,NFV,0.0,1
B.FR.83.HXB2_LAI_IIIB_BRU.K03455,B (0.70%),drug_score,PR,,,,,Susceptible,PI,SQV,0.0,1
B.FR.83.HXB2_LAI_IIIB_BRU.K03455,B (0.70%),drug_score,PR,,,,,Susceptible,PI,TPV,0.0,1
B.FR.83.HXB2_LAI_IIIB_BRU.K03455,B (0.70%),drug_score,RT,,,,,Susceptible,NRTI,ABC,0.0,1
B.FR.83.HXB2_LAI_IIIB_BRU.K03455,B (0.70%),drug_score,RT,,,,,Susceptible,NRTI,AZT,0.0,1
B.FR.83.HXB2_LAI_IIIB_BRU.K03455,B (0.70%),drug_score,RT,,,,,Susceptible,NRTI,D4T,0.0,1
B.FR.83.HXB2_LAI_IIIB_BRU.K03455,B (0.70%),drug_score,RT,,,,,Susceptible,NRTI,DDI,0.0,1
B.FR.83.HXB2_LAI_IIIB_BRU.K03455,B (0.70%),drug_score,RT,,,,,Susceptible,NRTI,FTC,0.0,1
B.FR.83.HXB2_LAI_IIIB_BRU.K03455,B (0.70%),drug_score,RT,,,,,Susceptible,NRTI,ISL,0.0,1
B.FR.83.HXB2_LAI_IIIB_BRU.K03455,B (0.70%),drug_score,RT,,,,,Susceptible,NRTI,LMV,0.0,1
B.FR.83.HXB2_LAI_IIIB_BRU.K03455,B (0.70%),drug_score,RT,,,,,Susceptible,NRTI,TDF,0.0,1
B.FR.83.HXB2_LAI_IIIB_BRU.K03455,B (0.70%),drug_score,RT,,,,,Susceptible,NNRTI,DOR,0.0,1
B.FR.83.HXB2_LAI_IIIB_BRU.K03455,B (0.70%),drug_score,RT,,,,,Susceptible,NNRTI,DPV,0.0,1
B.FR.83.HXB2_LAI_IIIB_BRU.K03455,B (0.70%),drug_score,RT,,,,,Susceptible,NNRTI,EFV,0.0,1
B.FR.83.HXB2_LAI_IIIB_BRU.K03455,B (0.70%),drug_score,RT,,,,,Susceptible,NNRTI,ETR,0.0,1
B.FR.83.HXB2_LAI_IIIB_BRU.K03455,B (0.70%),drug_score,RT,,,,,Susceptible,NNRTI,NVP,0.0,1
B.FR.83.HXB2_LAI_IIIB_BRU.K03455,B (0.70%),drug_score,RT,,,,,Susceptible,NNRTI,RPV,0.0,1
B.FR.83.HXB2_LAI_IIIB_BRU.K03455,B (0.70%),drug_score,IN,,,,,Susceptible,INSTI,BIC,0.0,1
B.FR.83.HXB2_LAI_IIIB_BRU.K03455,B (0.70%),drug_score,IN,,,,,Susceptible,INSTI,CAB,0.0,1
B.FR.83.HXB2_LAI_IIIB_BRU.K03455,B (0.70%),drug_score,IN,,,,,Susceptible,INSTI,DTG,0.0,1
B.FR.83.HXB2_LAI_IIIB_BRU.K03455,B (0.70%),drug_score,IN,,,,,Potential Low-Level Resistance,INSTI,EVG,10.0,2
B.FR.83.HXB2_LAI_IIIB_BRU.K03455,B (0.70%),drug_score,IN,,,,,Potential Low-Level Resistance,INSTI,RAL,10.0,2
